{
  "camera_data": {},
  "objects": [
    {
      "class": "cracker",
      "visibility": 1.0,
      "location": [
        -5.40710973739624,
        10.20408821105957,
        55.31976318359375
      ],
      "quaternion_xyzw": [
        -0.42416033148765564,
        0.6872081160545349,
        0.20139221847057343,
        -0.5543231964111328
      ],
      "projected_cuboid": [
        [
          201.36776733398438,
          563.1981201171875
        ],
        [
          153.2436981201172,
          382.7738952636719
        ],
        [
          57.269569396972656,
          247.0780792236328
        ],
        [
          102.94410705566406,
          470.3310852050781
        ],
        [
          288.4808654785156,
          528.7132568359375
        ],
        [
          228.2211456298828,
          353.6261291503906
        ],
        [
          157.5666961669922,
          208.70346069335938
        ],
        [
          226.2147216796875,
          422.1109619140625
        ],
        [
          180.91781616210938,
          397.6921691894531
        ]
      ]
    }
  ]
}
