{
  "camera_data": {},
  "objects": [
    {
      "class": "cracker",
      "visibility": 1.0,
      "location": [
        6.001536846160889,
        -4.993739604949951,
        86.97349548339844
      ],
      "quaternion_xyzw": [
        0.05684935301542282,
        0.32983407378196716,
        -0.32128748297691345,
        0.8858622908592224
      ],
      "projected_cuboid": [
        [
          294.026123046875,
          258.42864990234375
        ],
        [
          407.443115234375,
          274.3418884277344
        ],
        [
          363.9100646972656,
          112.13758850097656
        ],
        [
          240.95428466796875,
          112.85871887207031
        ],
        [
          264.0873718261719,
          293.51092529296875
        ],
        [
          379.4239501953125,
          314.3736877441406
        ],
        [
          329.1734924316406,
          149.2497100830078
        ],
        [
          204.38331604003906,
          145.52359008789062
        ],
        [
          309.0063171386719,
          211.89468383789062
        ]
      ]
    }
  ]
}
